{"Connections":[[2.0,10.0,0.17000000178813934,0.800000011920929,1.0,210.0],[2.0,10.0,0.17000000178813934,0.10000000149011612,1.0,210.0],[4.0,11.0,-0.12999999523162842,0.20000000298023224,1.0,411.0],[1.0,9.0,0.009999999776482582,0.4000000059604645,1.0,19.0],[2.0,11.0,-0.12999999523162842,0.6000000238418579,1.0,211.0],[11.0,9.0,0.009999999776482582,0.20000000298023224,1.0,119.0],[4.0,10.0,0.17000000178813934,0.20000000298023224,1.0,410.0],[8.0,9.0,0.009999999776482582,0.4000000059604645,1.0,89.0],[6.0,11.0,-0.12999999523162842,0.5,1.0,611.0],[2.0,9.0,0.009999999776482582,0.20000000298023224,1.0,29.0],[5.0,10.0,0.17000000178813934,0.30000001192092896,1.0,510.0],[11.0,12.0,0.029999995604157448,0.20000000298023224,1.0,1112.0],[12.0,10.0,0.17000000178813934,0.20000000298023224,1.0,1210.0]],"Nodes":[[[1.0,-0.6500000357627869],[2.0,0.0],[3.0,1.0],[4.0,0.0],[5.0,0.0],[6.0,-0.45121949911117554],[7.0,0.6999160051345825],[8.0,-0.6142610311508179]],[[9.0,0.0],[10.0,0.0]],[[11.0,0.5,0.0],[12.0,0.30000001192092896,0.0]]],"Point Position":2.0}